<?xml version="1.0" encoding="UTF-8"?>
<metadata xml:lang="zh"><Esri><CreaDate>20230929</CreaDate><CreaTime>11272600</CreaTime><ArcGISFormat>1.0</ArcGISFormat><SyncOnce>TRUE</SyncOnce><DataProperties><lineage><Process ToolSource="c:\program files (x86)\arcgis\desktop10.5\ArcToolbox\Toolboxes\Data Management Tools.tbx\CalculateField" Date="20230709" Time="122349">CalculateField cluster IsMultiP !shape.IsMultipart! PYTHON_9.3 #</Process><Process ToolSource="c:\program files (x86)\arcgis\desktop10.5\ArcToolbox\Toolboxes\Data Management Tools.tbx\CalculateField" Date="20230709" Time="122452">CalculateField cluster MultiCount !shape.PartCount! PYTHON_9.3 #</Process><Process ToolSource="c:\program files (x86)\arcgis\desktop10.5\ArcToolbox\Toolboxes\Data Management Tools.tbx\DeleteField" Date="20230929" Time="112853">DeleteField Clustering FID_1;FID_1_1;SS_GROUP;Count_;Avg_OBJECT;Var_OBJECT;Avg_FID_po;Var_FID_po;Avg_FID_ou;Var_FID_ou;Var_Shape_;Avg_Shap_1;Var_Shap_1;Avg_ID;Var_ID;Avg_FID__1;Var_FID__1;Avg_PCA1;Var_PCA1;Avg_PCA2;Var_PCA2;Avg_PCA3;Var_PCA3;Avg_PCA4;Var_PCA4;Avg_ID_1;Var_ID_1;Avg_FID__2;Var_FID__2;Avg_d_reta;Var_d_reta;Avg_d_tran;Var_d_tran;Avg_D_publ;Var_D_publ;Avg_D_attr;Var_D_attr;Avg_bedroo;Var_bedroo;Avg_house_;Var_house_;Avg_hous_1;Var_hous_1;Avg_hous_2;Var_hous_2;Avg_crime;Var_crime;Avg_barrie;Var_barrie;Avg_educat;Var_educat;Avg_health;Var_health;Avg_employ;Var_employ;Avg_income;Var_income;Avg_IMD;Var_IMD;Avg_BAME;Var_BAME;Avg_person;Var_person;Avg_older;Var_older;Avg_workin;Var_workin;Avg_hous_3;Var_hous_3;Avg_hous_4;Var_hous_4;Avg_distan;Var_distan;Avg_dist_1;Var_dist_1;Count_1;IsMultiP;MultiCount</Process><Process ToolSource="c:\program files (x86)\arcgis\desktop10.5\ArcToolbox\Toolboxes\Data Management Tools.tbx\DeleteField" Date="20230929" Time="113002">DeleteField Clustering Avg_Shape_</Process></lineage></DataProperties></Esri></metadata>
