<?xml version="1.0" encoding="UTF-8"?>
<metadata xml:lang="zh"><Esri><CreaDate>20230929</CreaDate><CreaTime>11154600</CreaTime><ArcGISFormat>1.0</ArcGISFormat><SyncOnce>TRUE</SyncOnce><DataProperties><lineage><Process ToolSource="c:\program files (x86)\arcgis\desktop10.5\ArcToolbox\Toolboxes\Data Management Tools.tbx\CalculateField" Date="20230709" Time="121611">CalculateField TC IsMultiP !shape.IsMultipart! PYTHON_9.3 #</Process><Process ToolSource="c:\program files (x86)\arcgis\desktop10.5\ArcToolbox\Toolboxes\Data Management Tools.tbx\CalculateField" Date="20230709" Time="122046">CalculateField TC MultiCount !shape.PartCount! PYTHON_9.3 #</Process><Process ToolSource="c:\program files (x86)\arcgis\desktop10.5\ArcToolbox\Toolboxes\Data Management Tools.tbx\DeleteField" Date="20230929" Time="112542">DeleteField T-Communities FID_1;group_;FID_outer0;Count_;IsMultiP;MultiCount</Process></lineage></DataProperties></Esri></metadata>
